排名,电影名,评分,评分人数,评语,导演,主演,上映日期,制片国家/地区,类型,封面,链接
1,肖申克的救赎,9.7,3010430,希望让人自由。,弗兰克·德拉邦特 Frank Darabont,蒂姆·罗宾斯 Tim Robbins /...,1994,美国,犯罪 剧情,https://img3.doubanio.com/view/photo/s_ratio_poster/public/p480747492.jpg,https://movie.douban.com/subject/1292052/
2,霸王别姬,9.6,2224851,风华绝代。,陈凯歌 Kaige Chen,张国荣 Leslie Cheung / 张丰毅 Fengyi Zha...,1993,中国大陆 中国香港,剧情 爱情 同性,https://img1.doubanio.com/view/photo/s_ratio_poster/public/p2561716440.jpg,https://movie.douban.com/subject/1291546/
3,阿甘正传,9.5,2242942,一部美国近现代史。,罗伯特·泽米吉斯 Robert Zemeckis,汤姆·汉克斯 Tom Hanks / ...,1994,美国,剧情 爱情,https://img3.doubanio.com/view/photo/s_ratio_poster/public/p2372307693.jpg,https://movie.douban.com/subject/1292720/
4,泰坦尼克号,9.5,2281179,失去的才是永恒的。 ,詹姆斯·卡梅隆 James Cameron,莱昂纳多·迪卡普里奥 Leonardo...,1997,美国 墨西哥,剧情 爱情 灾难,https://img9.doubanio.com/view/photo/s_ratio_poster/public/p457760035.jpg,https://movie.douban.com/subject/1292722/
5,千与千寻,9.4,2328929,最好的宫崎骏，最好的久石让。 ,宫崎骏 Hayao Miyazaki,柊瑠美 Rumi Hîragi / 入野自由 Miy...,2001,日本,剧情 动画 奇幻,https://img1.doubanio.com/view/photo/s_ratio_poster/public/p2557573348.jpg,https://movie.douban.com/subject/1291561/
6,这个杀手不太冷,9.4,2372237,怪蜀黍和小萝莉不得不说的故事。,吕克·贝松 Luc Besson,让·雷诺 Jean Reno / 娜塔莉·波特曼 ...,1994,法国 美国,剧情 动作 犯罪,https://img2.doubanio.com/view/photo/s_ratio_poster/public/p511118051.jpg,https://movie.douban.com/subject/1295644/
7,美丽人生,9.5,1373331,最美的谎言。,罗伯托·贝尼尼 Roberto Benigni,罗伯托·贝尼尼 Roberto Beni...,1997,意大利,剧情 喜剧 爱情 战争,https://img3.doubanio.com/view/photo/s_ratio_poster/public/p2578474613.jpg,https://movie.douban.com/subject/1292063/
8,星际穿越,9.4,1944063,爱是一种力量，让我们超越时空感知它的存在。,克里斯托弗·诺兰 Christopher Nolan,马修·麦康纳 Matthew Mc...,2014,美国 英国 加拿大,剧情 科幻 冒险,https://img3.doubanio.com/view/photo/s_ratio_poster/public/p2614988097.jpg,https://movie.douban.com/subject/1889243/
9,盗梦空间,9.4,2146413,诺兰给了我们一场无法盗取的梦。,克里斯托弗·诺兰 Christopher Nolan,莱昂纳多·迪卡普里奥 Le...,2010,美国 英国,剧情 科幻 悬疑 冒险,https://img9.doubanio.com/view/photo/s_ratio_poster/public/p513344864.jpg,https://movie.douban.com/subject/3541415/
10,楚门的世界,9.4,1799721,如果再也不能见到你，祝你早安，午安，晚安。,彼得·威尔 Peter Weir,金·凯瑞 Jim Carrey / 劳拉·琳妮 Lau...,1998,美国,剧情 科幻,https://img3.doubanio.com/view/photo/s_ratio_poster/public/p479682972.jpg,https://movie.douban.com/subject/1292064/
11,辛德勒的名单,9.5,1160472,拯救一个人，就是拯救整个世界。,史蒂文·斯皮尔伯格 Steven Spielberg,连姆·尼森 Liam Neeson...,1993,美国,剧情 历史 战争,https://img3.doubanio.com/view/photo/s_ratio_poster/public/p492406163.jpg,https://movie.douban.com/subject/1295124/
12,忠犬八公的故事,9.4,1441171,永远都不能忘记你所爱的人。,莱塞·霍尔斯道姆 Lasse Hallström,理查·基尔 Richard Ger...,2009,美国 英国,剧情,https://img1.doubanio.com/view/photo/s_ratio_poster/public/p2587099240.jpg,https://movie.douban.com/subject/3011091/
13,海上钢琴师,9.3,1735961,每个人都要走一条自己坚定了的路，就算是粉身碎骨。 ,朱塞佩·托纳多雷 Giuseppe Tornatore,蒂姆·罗斯 Tim Roth / ...,1998,意大利,剧情 音乐,https://img9.doubanio.com/view/photo/s_ratio_poster/public/p2574551676.jpg,https://movie.douban.com/subject/1292001/
14,三傻大闹宝莱坞,9.2,1925020,英俊版憨豆，高情商版谢耳朵。,拉库马·希拉尼 Rajkumar Hirani,阿米尔·汗 Aamir Khan / 卡...,2009,印度,剧情 喜剧 爱情 歌舞,https://img2.doubanio.com/view/photo/s_ratio_poster/public/p579729551.jpg,https://movie.douban.com/subject/3793023/
15,放牛班的春天,9.3,1362532,天籁一般的童声，是最接近上帝的存在。 ,克里斯托夫·巴拉蒂 Christophe Barratier,让-巴蒂斯特·莫尼...,2004,法国 瑞士 德国,剧情 音乐,https://img1.doubanio.com/view/photo/s_ratio_poster/public/p2884280708.jpg,https://movie.douban.com/subject/1291549/
16,机器人总动员,9.3,1366698,小瓦力，大人生。,安德鲁·斯坦顿 Andrew Stanton,本·贝尔特 Ben Burtt / 艾丽...,2008,美国,科幻 动画 冒险,https://img2.doubanio.com/view/photo/s_ratio_poster/public/p1461851991.jpg,https://movie.douban.com/subject/2131459/
17,疯狂动物城,9.2,2035179,迪士尼给我们营造的乌托邦就是这样，永远善良勇敢，永远出乎意料。,拜伦·霍华德 Byron Howard / 瑞奇·摩尔 Rich Moore,金妮弗·...,2016,美国,喜剧 动画 冒险,https://img1.doubanio.com/view/photo/s_ratio_poster/public/p2614500649.jpg,https://movie.douban.com/subject/25662329/
18,无间道,9.3,1427253,香港电影史上永不过时的杰作。,刘伟强 / 麦兆辉,刘德华 Andy Lau / 梁朝伟 Tony Leung Chiu W...,2002,中国香港,剧情 犯罪 惊悚,https://img3.doubanio.com/view/photo/s_ratio_poster/public/p2564556863.jpg,https://movie.douban.com/subject/1307914/
19,控方证人,9.6,607212,比利·怀德满分作品。,比利·怀尔德 Billy Wilder,泰隆·鲍华 Tyrone Power / 玛琳·...,1957,美国,剧情 犯罪 悬疑,https://img1.doubanio.com/view/photo/s_ratio_poster/public/p1505392928.jpg,https://movie.douban.com/subject/1296141/
20,大话西游之大圣娶亲,9.2,1587433,一生所爱。,刘镇伟 Jeffrey Lau,周星驰 Stephen Chow / 吴孟达 Man Tat Ng...,1995,中国香港 中国大陆,喜剧 爱情 奇幻 古装,https://img9.doubanio.com/view/photo/s_ratio_poster/public/p2455050536.jpg,https://movie.douban.com/subject/1292213/
21,熔炉,9.4,965409,我们一路奋战不是为了改变世界，而是为了不让世界改变我们。,黄东赫 Dong-hyuk Hwang,孔侑 Yoo Gong / 郑有美 Yu-mi Jung /...,2011,韩国,剧情,https://img9.doubanio.com/view/photo/s_ratio_poster/public/p1363250216.jpg,https://movie.douban.com/subject/5912992/
22,教父,9.3,1009610,千万不要记恨你的对手，这样会让你失去理智。,弗朗西斯·福特·科波拉 Francis Ford Coppola,马龙·白兰度 M...,1972,美国,剧情 犯罪,https://img9.doubanio.com/view/photo/s_ratio_poster/public/p616779645.jpg,https://movie.douban.com/subject/1291841/
23,触不可及,9.3,1171353,满满温情的高雅喜剧。,奥利维·那卡什 Olivier Nakache / 艾力克·托兰达 Eric Toledano,主...,2011,法国,剧情 喜剧,https://img9.doubanio.com/view/photo/s_ratio_poster/public/p1454261925.jpg,https://movie.douban.com/subject/6786002/
24,当幸福来敲门,9.2,1572534,平民励志片。 ,加布里尔·穆奇诺 Gabriele Muccino,威尔·史密斯 Will Smith ...,2006,美国,剧情 传记 家庭,https://img9.doubanio.com/view/photo/s_ratio_poster/public/p2614359276.jpg,https://movie.douban.com/subject/1849031/
25,寻梦环游记,9.1,1767170,死亡不是真的逝去，遗忘才是永恒的消亡。,李·昂克里奇 Lee Unkrich / 阿德里安·莫利纳 Adrian Molina,...,2017,美国,喜剧 动画 奇幻 音乐,https://img2.doubanio.com/view/photo/s_ratio_poster/public/p2505426431.jpg,https://movie.douban.com/subject/20495023/
26,末代皇帝,9.3,930319,“不要跟我比惨，我比你更惨”再适合这部电影不过了。,贝纳尔多·贝托鲁奇 Bernardo Bertolucci,尊龙 John Lone / 陈...,1987,英国 意大利 中国大陆 法国,剧情 传记 历史,https://img3.doubanio.com/view/photo/s_ratio_poster/public/p452089833.jpg,https://movie.douban.com/subject/1293172/
27,龙猫,9.2,1312366,人人心中都有个龙猫，童年就永远不会消失。,宫崎骏 Hayao Miyazaki,日高法子 Noriko Hidaka / 坂本千夏 Ch...,1988,日本,动画 奇幻 冒险,https://img9.doubanio.com/view/photo/s_ratio_poster/public/p2540924496.jpg,https://movie.douban.com/subject/1291560/
28,怦然心动,9.1,1900405,真正的幸福是来自内心深处。,罗伯·莱纳 Rob Reiner,玛德琳·卡罗尔 Madeline Carroll / 卡...,2010,美国,剧情 喜剧 爱情,https://img1.doubanio.com/view/photo/s_ratio_poster/public/p501177648.jpg,https://movie.douban.com/subject/3319755/
29,活着,9.3,885918,张艺谋最好的电影。,张艺谋 Yimou Zhang,葛优 You Ge / 巩俐 Li Gong / 姜武 Wu Jiang,1994,中国大陆 中国香港,剧情 历史 家庭,https://img3.doubanio.com/view/photo/s_ratio_poster/public/p2597919477.jpg,https://movie.douban.com/subject/1292365/
30,哈利·波特与魔法石,9.2,1254360,童话世界的开端。,Chris Columbus,Daniel Radcliffe / Emma Watson / Rupert Grint,2001,美国 英国,奇幻 冒险,https://img9.doubanio.com/view/photo/s_ratio_poster/public/p2614949805.jpg,https://movie.douban.com/subject/1295038/
31,蝙蝠侠：黑暗骑士,9.2,1104307,无尽的黑暗。,克里斯托弗·诺兰 Christopher Nolan,克里斯蒂安·贝尔 Christ...,2008,美国 英国,剧情 动作 科幻 犯罪 惊悚,https://img3.doubanio.com/view/photo/s_ratio_poster/public/p462657443.jpg,https://movie.douban.com/subject/1851857/
32,指环王3：王者无敌,9.3,837132,史诗的终章。,彼得·杰克逊 Peter Jackson,伊利亚·伍德 Elijah Wood / 西恩...,2003,美国 新西兰,剧情 动作 奇幻 冒险,https://img3.doubanio.com/view/photo/s_ratio_poster/public/p2642829472.jpg,https://movie.douban.com/subject/1291552/
33,我不是药神,9.0,2183609,对我们国家而言，这样的电影多一部是一部。,文牧野 Muye Wen,徐峥 Zheng Xu / 王传君 Chuanjun Wang / 周...,2018,中国大陆,剧情 喜剧,https://img9.doubanio.com/view/photo/s_ratio_poster/public/p2561305376.jpg,https://movie.douban.com/subject/26752088/
34,乱世佳人,9.3,719983,Tomorrow is another day.,维克多·弗莱明 Victor Fleming / 乔治·库克 George Cukor,费...,1939,美国,剧情 历史 爱情 战争,https://img1.doubanio.com/view/photo/s_ratio_poster/public/p1963126880.jpg,https://movie.douban.com/subject/1300267/
35,飞屋环游记,9.1,1379649,最后那些最无聊的事情，才是最值得怀念的。 ,彼特·道格特 Pete Docter / 鲍勃·彼德森 Bob Peterson,爱德...,2009,美国,剧情 喜剧 动画 冒险,https://img1.doubanio.com/view/photo/s_ratio_poster/public/p2553594918.jpg,https://movie.douban.com/subject/2129039/
36,素媛,9.3,715630,受过伤害的人总是笑得最开心，因为他们不愿意让身边的人承受一样的痛苦。,李濬益 Jun-ik Lee,薛景求 Kyung-gu Sol / 严志媛 Ji-won Uhm ...,2013,韩国,剧情,https://img9.doubanio.com/view/photo/s_ratio_poster/public/p2118532944.jpg,https://movie.douban.com/subject/21937452/
37,哈尔的移动城堡,9.1,1075901,带着心爱的人在天空飞翔。,宫崎骏 Hayao Miyazaki,倍赏千惠子 Chieko Baishô / 木村拓...,2004,日本,爱情 动画 奇幻 冒险,https://img1.doubanio.com/view/photo/s_ratio_poster/public/p2904111050.jpg,https://movie.douban.com/subject/1308807/
38,十二怒汉,9.4,517604,1957年的理想主义。 ,Sidney Lumet,亨利·方达 Henry Fonda / 马丁·鲍尔萨姆 Marti...,1957,美国,剧情,https://img3.doubanio.com/view/photo/s_ratio_poster/public/p2173577632.jpg,https://movie.douban.com/subject/1293182/
39,让子弹飞,9.0,1768451,你给我翻译翻译，神马叫做TMD的惊喜。,姜文 Wen Jiang,姜文 Wen Jiang / 葛优 You Ge / 周润发 Yun-F...,2010,中国大陆 中国香港,剧情 喜剧 动作 西部,https://img3.doubanio.com/view/photo/s_ratio_poster/public/p1512562287.jpg,https://movie.douban.com/subject/3742360/
40,何以为家,9.1,1084427,凝视卑弱生命，用电影改变命运。,娜丁·拉巴基 Nadine Labaki,扎因·拉费阿 Zain al-Rafeea / ...,2018,黎巴嫩 美国 法国 塞浦路斯 卡塔尔 英国,剧情,https://img1.doubanio.com/view/photo/s_ratio_poster/public/p2555295759.jpg,https://movie.douban.com/subject/30170448/
41,摔跤吧！爸爸,9.0,1623421,你不是在为你一个人战斗，你要让千千万万的女性看到女生并不是只能相夫教子。,涅提·蒂瓦里 Nitesh Tiwari,阿米尔·汗 Aamir Khan / 法缇玛...,2016,印度,剧情 传记 运动 家庭,https://img1.doubanio.com/view/photo/s_ratio_poster/public/p2401676338.jpg,https://movie.douban.com/subject/26387939/
42,猫鼠游戏,9.1,1082315,骗子大师和执著警探的你追我跑故事。 ,史蒂文·斯皮尔伯格 Steven Spielberg,莱昂纳多·迪卡普里奥 L...,2002,美国 加拿大,传记 犯罪 剧情,https://img2.doubanio.com/view/photo/s_ratio_poster/public/p453924541.jpg,https://movie.douban.com/subject/1305487/
43,天空之城,9.2,919338,对天空的追逐，永不停止。 ,宫崎骏 Hayao Miyazaki,田中真弓 Mayumi Tanaka / 横泽启子 Ke...,1986,日本,动画 奇幻 冒险,https://img1.doubanio.com/view/photo/s_ratio_poster/public/p2892380420.jpg,https://movie.douban.com/subject/1291583/
44,海蒂和爷爷,9.3,664671,如果生活中有什么使你感到快乐，那就去做吧！不要管别人说什么。,阿兰·葛斯彭纳 Alain Gsponer,阿努克·斯特芬 Anuk Steffen /...,2015,德国 瑞士,剧情 冒险 家庭,https://img9.doubanio.com/view/photo/s_ratio_poster/public/p2554525534.jpg,https://movie.douban.com/subject/25958717/
45,鬼子来了,9.3,653632,对敌人的仁慈，就是对自己残忍。,姜文 Wen Jiang,姜文 Wen Jiang / 香川照之 Teruyuki Kagawa /...,2000,中国大陆,剧情 喜剧,https://img1.doubanio.com/view/photo/s_ratio_poster/public/p2553104888.jpg,https://movie.douban.com/subject/1291858/
46,少年派的奇幻漂流,9.1,1394268,瑰丽壮观、无人能及的冒险之旅。,李安 Ang Lee,苏拉·沙玛 Suraj Sharma / 伊尔凡·可汗 Irrfan...,2012,美国 中国台湾 英国 加拿大,剧情 奇幻 冒险,https://img2.doubanio.com/view/photo/s_ratio_poster/public/p1784592701.jpg,https://movie.douban.com/subject/1929463/
47,钢琴家,9.3,674999,音乐能化解仇恨。,罗曼·波兰斯基 Roman Polanski,艾德里安·布洛迪 Adrien Brod...,2002,英国 法国 波兰 德国,剧情 传记 战争 音乐,https://img2.doubanio.com/view/photo/s_ratio_poster/public/p1381339291.jpg,https://movie.douban.com/subject/1296736/
48,大话西游之月光宝盒,9.0,1264536,旷古烁今。,刘镇伟 Jeffrey Lau,周星驰 Stephen Chow / 吴孟达 Man Tat Ng...,1995,中国香港 中国大陆,喜剧 爱情 奇幻 古装,https://img3.doubanio.com/view/photo/s_ratio_poster/public/p2561721372.jpg,https://movie.douban.com/subject/1299398/
49,指环王2：双塔奇兵,9.2,786040,承前启后的史诗篇章。,彼得·杰克逊 Peter Jackson,伊利亚·伍德 Elijah Wood / 西恩...,2002,美国 新西兰,剧情 动作 奇幻 冒险,https://img9.doubanio.com/view/photo/s_ratio_poster/public/p2640236255.jpg,https://movie.douban.com/subject/1291572/
50,闻香识女人,9.1,929014,史上最美的探戈。,马丁·布莱斯 Martin Brest,阿尔·帕西诺 Al Pacino / 克里斯...,1992,美国,剧情,https://img1.doubanio.com/view/photo/s_ratio_poster/public/p2550757929.jpg,https://movie.douban.com/subject/1298624/
51,死亡诗社,9.2,768135,当一个死水般的体制内出现一个活跃的变数时，所有的腐臭都站在了光明的对面。,彼得·威尔 Peter Weir,罗宾·威廉姆斯 Robin Williams / 罗伯...,1989,美国,剧情,https://img1.doubanio.com/view/photo/s_ratio_poster/public/p2575465690.jpg,https://movie.douban.com/subject/1291548/
52,绿皮书,8.9,1723716,去除成见，需要勇气。,彼得·法雷里 Peter Farrelly,维果·莫腾森 Viggo Mortensen /...,2018,美国 中国大陆,剧情 喜剧 传记 音乐,https://img2.doubanio.com/view/photo/s_ratio_poster/public/p2531065411.jpg,https://movie.douban.com/subject/27060077/
53,大闹天宫,9.4,460132,经典之作，历久弥新。,万籁鸣 Laiming Wan,邱岳峰 Yuefeng Qiu / 富润生 Runsheng Fu...,1961,中国大陆,剧情 动画 奇幻 古装,https://img3.doubanio.com/view/photo/s_ratio_poster/public/p2184505167.jpg,https://movie.douban.com/subject/1418019/
54,罗马假日,9.1,980815,爱情哪怕只有一天。,威廉·惠勒 William Wyler,奥黛丽·赫本 Audrey Hepburn / 格...,1953,美国,喜剧 剧情 爱情,https://img9.doubanio.com/view/photo/s_ratio_poster/public/p2189265085.jpg,https://movie.douban.com/subject/1293839/
55,指环王1：护戒使者,9.1,882404,传说的开始。,彼得·杰克逊 Peter Jackson,伊利亚·伍德 Elijah Wood / 西恩...,2001,新西兰 美国,剧情 动作 奇幻 冒险,https://img9.doubanio.com/view/photo/s_ratio_poster/public/p2197698335.jpg,https://movie.douban.com/subject/1291571/
56,黑客帝国,9.1,870302,视觉革命。,安迪·沃卓斯基 Andy Wachowski / 拉娜·沃卓斯基 Lana Wachowski,主...,1999,美国,动作 科幻,https://img1.doubanio.com/view/photo/s_ratio_poster/public/p451926968.jpg,https://movie.douban.com/subject/1291843/
57,天堂电影院,9.2,698581,那些吻戏，那些青春，都在影院的黑暗里被泪水冲刷得无比清晰。,朱塞佩·托纳多雷 Giuseppe Tornatore,菲利普·努瓦雷 Philipp...,1988,意大利 法国,剧情 爱情,https://img1.doubanio.com/view/photo/s_ratio_poster/public/p2653054340.jpg,https://movie.douban.com/subject/1291828/
58,教父2,9.3,578689,优雅的孤独。,弗朗西斯·福特·科波拉 Francis Ford Coppola,阿尔·帕西诺 A...,1974,美国,剧情 犯罪,https://img3.doubanio.com/view/photo/s_ratio_poster/public/p2194138787.jpg,https://movie.douban.com/subject/1299131/
59,狮子王,9.1,881485,动物版《哈姆雷特》。,Roger Allers / 罗伯·明可夫 Rob Minkoff,乔纳森·泰勒·托马...,1994,美国,动画 冒险 歌舞,https://img3.doubanio.com/view/photo/s_ratio_poster/public/p726659067.jpg,https://movie.douban.com/subject/1301753/
60,辩护人,9.2,612496,电影的现实意义大过电影本身。,杨宇硕 Woo-seok Yang,宋康昊 Kang-ho Song / 金英爱 Yeong-ae...,2013,韩国,剧情,https://img9.doubanio.com/view/photo/s_ratio_poster/public/p2158166535.jpg,https://movie.douban.com/subject/21937445/
61,饮食男女,9.2,650343,人生不能像做菜，把所有的料都准备好了才下锅。,李安 Ang Lee,郎雄 Sihung Lung / 杨贵媚 Kuei-Mei Yang / 吴...,1994,中国台湾 美国,剧情 家庭,https://img2.doubanio.com/view/photo/s_ratio_poster/public/p1910899751.jpg,https://movie.douban.com/subject/1291818/
62,搏击俱乐部,9.0,881817,邪恶与平庸蛰伏于同一个母体，在特定的时间互相对峙。,大卫·芬奇 David Fincher,爱德华·诺顿 Edward Norton / 布拉...,1999,美国,剧情 动作 悬疑 惊悚,https://img3.doubanio.com/view/photo/s_ratio_poster/public/p1910931622.jpg,https://movie.douban.com/subject/1292000/
63,本杰明·巴顿奇事,9.0,1022159,在时间之河里感受溺水之苦。,大卫·芬奇 David Fincher,凯特·布兰切特 Cate Blanchett / ...,2008,美国,剧情 爱情 奇幻,https://img3.doubanio.com/view/photo/s_ratio_poster/public/p2192535722.jpg,https://movie.douban.com/subject/1485260/
64,美丽心灵,9.1,797314,爱是一切逻辑和原由。,朗·霍华德 Ron Howard,罗素·克劳 Russell Crowe / 艾德·哈...,2001,美国,传记 剧情,https://img1.doubanio.com/view/photo/s_ratio_poster/public/p1665997400.jpg,https://movie.douban.com/subject/1306029/
65,穿条纹睡衣的男孩,9.2,591271,尽管有些不切实际的幻想，这部电影依旧是一部感人肺腑的佳作。,马克·赫尔曼 Mark Herman,阿萨·巴特菲尔德 Asa Butterfield ...,2008,英国 美国,剧情 战争,https://img3.doubanio.com/view/photo/s_ratio_poster/public/p1473670352.jpg,https://movie.douban.com/subject/3008247/
66,窃听风暴,9.2,586379,别样人生。,弗洛里安·亨克尔·冯·多纳斯马尔克 Florian Henckel von Donnersmarck  &n...,,2006,德国,剧情 悬疑,https://img1.doubanio.com/view/photo/s_ratio_poster/public/p1808872109.jpg,https://movie.douban.com/subject/1900841/
67,情书,8.9,1168935,暗恋的极致。,岩井俊二 Shunji Iwai,中山美穗 Miho Nakayama / 丰川悦司 Ets...,1995,日本,剧情 爱情,https://img1.doubanio.com/view/photo/s_ratio_poster/public/p2648230660.jpg,https://movie.douban.com/subject/1292220/
68,两杆大烟枪,9.1,619383,4个臭皮匠顶个诸葛亮，盖·里奇果然不是盖的。,盖·里奇 Guy Ritchie,杰森·弗莱明 Jason Flemyng / 德克斯特...,1998,英国,剧情 喜剧 犯罪,https://img1.doubanio.com/view/photo/s_ratio_poster/public/p792443418.jpg,https://movie.douban.com/subject/1293350/
69,西西里的美丽传说,8.9,1013490,美丽无罪。,朱塞佩·托纳多雷 Giuseppe Tornatore,莫妮卡·贝鲁奇 Monica ...,2000,意大利 美国,剧情 战争 情色,https://img1.doubanio.com/view/photo/s_ratio_poster/public/p2441988159.jpg,https://movie.douban.com/subject/1292402/
70,音乐之声,9.1,628102,用音乐化解仇恨，让歌声串起美好。,罗伯特·怀斯 Robert Wise,朱莉·安德鲁斯 Julie Andrews / 克...,1965,美国,剧情 传记 爱情 歌舞,https://img3.doubanio.com/view/photo/s_ratio_poster/public/p453788577.jpg,https://movie.douban.com/subject/1294408/
71,看不见的客人,8.8,1326522,你以为你以为的就是你以为的。,奥里奥尔·保罗 Oriol Paulo,马里奥·卡萨斯 Mario Casas / 阿...,2016,西班牙,剧情 犯罪 悬疑 惊悚,https://img9.doubanio.com/view/photo/s_ratio_poster/public/p2498971355.jpg,https://movie.douban.com/subject/26580232/
72,哈利·波特与死亡圣器(下),9.0,871431,10年的完美句点。,大卫·叶茨 David Yates,丹尼尔·雷德克里夫 Daniel Radcliffe...,2011,美国 英国,奇幻 冒险,https://img3.doubanio.com/view/photo/s_ratio_poster/public/p917846733.jpg,https://movie.douban.com/subject/3011235/
73,阿凡达,8.8,1471770,绝对意义上的美轮美奂。,詹姆斯·卡梅隆 James Cameron,萨姆·沃辛顿 Sam Worthington ...,2009,美国,动作 科幻 冒险,https://img1.doubanio.com/view/photo/s_ratio_poster/public/p2180085848.jpg,https://movie.douban.com/subject/1652587/
74,拯救大兵瑞恩,9.1,671993,美利坚精神输出大片No1.,史蒂文·斯皮尔伯格 Steven Spielberg,汤姆·汉克斯 Tom Hanks...,1998,美国,剧情 战争,https://img9.doubanio.com/view/photo/s_ratio_poster/public/p1014542496.jpg,https://movie.douban.com/subject/1292849/
75,飞越疯人院,9.1,565777,自由万岁。,米洛斯·福尔曼 Miloš Forman,杰克·尼科尔森 Jack Nichols...,1975,美国,剧情,https://img3.doubanio.com/view/photo/s_ratio_poster/public/p792238287.jpg,https://movie.douban.com/subject/1292224/
76,小鞋子,9.2,427110,奔跑的孩子是天使。,马基德·马基迪 Majid Majidi,默罕默德·阿米尔·纳吉 Mohamma...,1997,伊朗,剧情 儿童 家庭,https://img9.doubanio.com/view/photo/s_ratio_poster/public/p2165511465.jpg,https://movie.douban.com/subject/1303021/
77,功夫,8.8,1197138,警恶惩奸，维护世界和平这个任务就交给你了，好吗？,周星驰 Stephen Chow,周星驰 Stephen Chow / 元秋 Qiu Yuen / ...,2004,中国大陆 中国香港,动作 喜剧 犯罪 奇幻,https://img1.doubanio.com/view/photo/s_ratio_poster/public/p2219011938.jpg,https://movie.douban.com/subject/1291543/
78,沉默的羔羊,8.9,929470,安东尼·霍普金斯的顶级表演。,乔纳森·戴米 Jonathan Demme,朱迪·福斯特 Jodie Foster / 安...,1991,美国,剧情 犯罪 惊悚,https://img3.doubanio.com/view/photo/s_ratio_poster/public/p1593414327.jpg,https://movie.douban.com/subject/1293544/
79,布达佩斯大饭店,8.9,987134,小清新的故事里注入了大历史的情怀。,韦斯·安德森 Wes Anderson,拉尔夫·费因斯 Ralph Fiennes / ...,2014,美国 德国 英国,剧情 喜剧 冒险,https://img3.doubanio.com/view/photo/s_ratio_poster/public/p2183539003.jpg,https://movie.douban.com/subject/11525673/
80,禁闭岛,8.9,1020813,昔日翩翩少年，今日大腹便便。,Martin Scorsese,莱昂纳多·迪卡普里奥 Leonardo DiCaprio / ...,2010,美国,剧情 悬疑 惊悚,https://img1.doubanio.com/view/photo/s_ratio_poster/public/p450262388.jpg,https://movie.douban.com/subject/2334904/
81,蝴蝶效应,8.9,976952,人的命运被自己瞬间的抉择改变。,埃里克·布雷斯 Eric Bress / J·麦基·格鲁伯 J. Mackye Gruber,主...,2004,美国 加拿大,剧情 悬疑 科幻 惊悚,https://img1.doubanio.com/view/photo/s_ratio_poster/public/p2209066019.jpg,https://movie.douban.com/subject/1292343/
82,哈利·波特与阿兹卡班的囚徒,9.0,774607,不一样的导演，不一样的哈利·波特。,Alfonso Cuarón,丹尼尔·雷德克里夫 Daniel Radcliffe / Emma...,2004,英国 美国,奇幻 冒险,https://img1.doubanio.com/view/photo/s_ratio_poster/public/p1910812549.jpg,https://movie.douban.com/subject/1291544/
83,致命魔术,8.9,894298,孪生蝙蝠侠大战克隆金刚狼。,克里斯托弗·诺兰 Christopher Nolan,休·杰克曼 Hugh Jackman...,2006,英国 美国,剧情 悬疑 惊悚,https://img9.doubanio.com/view/photo/s_ratio_poster/public/p480383375.jpg,https://movie.douban.com/subject/1780330/
84,心灵捕手,8.9,747707,人生中应该拥有这样的一段豁然开朗。,格斯·范·桑特 Gus Van Sant,马特·达蒙 Matt Damon / 罗宾·...,1997,美国,剧情,https://img9.doubanio.com/view/photo/s_ratio_poster/public/p480965695.jpg,https://movie.douban.com/subject/1292656/
85,超脱,9.0,641549,穷尽一生，我们要学会的，不过是彼此拥抱。,托尼·凯耶 Tony Kaye,艾德里安·布洛迪 Adrien Brody / 马西...,2011,美国,剧情,https://img2.doubanio.com/view/photo/s_ratio_poster/public/p1305562621.jpg,https://movie.douban.com/subject/5322596/
86,低俗小说,8.9,870518,故事的高级讲法。,昆汀·塔伦蒂诺 Quentin Tarantino,约翰·特拉沃尔塔 John Tra...,1994,美国,剧情 喜剧 犯罪,https://img3.doubanio.com/view/photo/s_ratio_poster/public/p1910902213.jpg,https://movie.douban.com/subject/1291832/
87,摩登时代,9.3,315738,大时代中的人生，小人物的悲喜。,查理·卓别林 Charles Chaplin,查理·卓别林 Charles Chaplin ...,1936,美国,剧情 喜剧 爱情,https://img1.doubanio.com/view/photo/s_ratio_poster/public/p2263408369.jpg,https://movie.douban.com/subject/1294371/
88,海豚湾,9.3,365579,海豚的微笑，是世界上最高明的伪装。,路易·西霍尤斯 Louie Psihoyos,路易·西霍尤斯 Louie Psihoyo...,2009,美国,纪录片,https://img1.doubanio.com/view/photo/s_ratio_poster/public/p2559579779.jpg,https://movie.douban.com/subject/3442220/
89,春光乍泄,9.0,657984,爱情纠缠，男女一致。,王家卫 Kar Wai Wong,张国荣 Leslie Cheung / 梁朝伟 Tony Leu...,1997,中国香港 日本 韩国,剧情 爱情 同性,https://img2.doubanio.com/view/photo/s_ratio_poster/public/p465939041.jpg,https://movie.douban.com/subject/1292679/
90,喜剧之王,8.8,1007807,我是一个演员。,周星驰 Stephen Chow / 李力持 Lik-Chi Lee,周星驰 Stephen Ch...,1999,中国香港,喜剧 剧情 爱情,https://img3.doubanio.com/view/photo/s_ratio_poster/public/p2579932167.jpg,https://movie.douban.com/subject/1302425/
91,美国往事,9.2,428704,往事如烟，无处祭奠。,赛尔乔·莱翁内 Sergio Leone,罗伯特·德尼罗 Robert De Niro ...,1984,美国 意大利,犯罪 剧情,https://img3.doubanio.com/view/photo/s_ratio_poster/public/p477229647.jpg,https://movie.douban.com/subject/1292262/
92,致命ID,8.9,863564,最不可能的那个人永远是最可能的。,詹姆斯·曼高德 James Mangold,约翰·库萨克 John Cusack / 雷...,2003,美国,剧情 悬疑 惊悚,https://img9.doubanio.com/view/photo/s_ratio_poster/public/p2558364386.jpg,https://movie.douban.com/subject/1297192/
93,杀人回忆,8.9,753464,关于连环杀人悬案的集体回忆。,奉俊昊 Joon-ho Bong,宋康昊 Kang-ho Song / 金相庆 Sang-kyun...,2003,韩国,剧情 动作 犯罪 悬疑 惊悚,https://img1.doubanio.com/view/photo/s_ratio_poster/public/p1633113220.jpg,https://movie.douban.com/subject/1300299/
94,哈利·波特与密室,8.9,801909,魔法的密室之门已打开...,Chris Columbus,丹尼尔·雷德克里夫 Daniel Radcliffe / 艾玛...,2002,英国 美国,奇幻 冒险,https://img1.doubanio.com/view/photo/s_ratio_poster/public/p1082651990.jpg,https://movie.douban.com/subject/1296996/
95,红辣椒,9.1,495748,梦的勾结。,今敏 Satoshi Kon,林原惠美 Megumi Hayashibara / 江守彻 Toru...,2006,日本,动画 悬疑 科幻 惊悚,https://img1.doubanio.com/view/photo/s_ratio_poster/public/p456825720.jpg,https://movie.douban.com/subject/1865703/
96,加勒比海盗,8.8,894501,约翰尼·德普的独角戏。,戈尔·维宾斯基 Gore Verbinski,约翰尼·德普 Johnny Depp / ...,2003,美国,动作 冒险 奇幻,https://img9.doubanio.com/view/photo/s_ratio_poster/public/p1596085504.jpg,https://movie.douban.com/subject/1298070/
97,七宗罪,8.8,975051,警察抓小偷，老鼠玩死猫。,大卫·芬奇 David Fincher,摩根·弗里曼 Morgan Freeman / 布...,1995,美国,剧情 犯罪 悬疑 惊悚,https://img9.doubanio.com/view/photo/s_ratio_poster/public/p2219586434.jpg,https://movie.douban.com/subject/1292223/
98,一一,9.1,423067,我们都曾经是一一。,杨德昌 Edward Yang,吴念真 / 李凯莉 Kelly Lee / 金燕玲 Elai...,2000,中国台湾 日本,剧情 爱情 家庭,https://img3.doubanio.com/view/photo/s_ratio_poster/public/p2567845803.jpg,https://movie.douban.com/subject/1292434/
99,狩猎,9.1,414244,人言可畏。,托马斯·温特伯格 Thomas Vinterberg,麦斯·米科尔森 Mads Mik...,2012,丹麦 瑞典,剧情,https://img3.doubanio.com/view/photo/s_ratio_poster/public/p1546987967.jpg,https://movie.douban.com/subject/6985810/
100,唐伯虎点秋香,8.7,1125731,华太师是黄霑，吴镇宇四大才子之一。,李力持 Lik-Chi Lee,周星驰 Stephen Chow / 巩俐 Li Gong / 陈...,1993,中国香港,喜剧 爱情 古装,https://img9.doubanio.com/view/photo/s_ratio_poster/public/p2357915564.jpg,https://movie.douban.com/subject/1306249/
101,7号房的礼物,8.9,578573,《我是山姆》的《美丽人生》。,李焕庆 Hwan-kyeong Lee,柳承龙 Seung-yong Ryoo / 朴信惠 Shi...,2013,韩国,剧情 喜剧 家庭,https://img9.doubanio.com/view/photo/s_ratio_poster/public/p1816276065.jpg,https://movie.douban.com/subject/10777687/
102,被嫌弃的松子的一生,8.9,727071,以戏谑来戏谑戏谑。,中岛哲也 Tetsuya Nakashima,中谷美纪 Miki Nakatani / 瑛太 E...,2006,日本,剧情 歌舞,https://img9.doubanio.com/view/photo/s_ratio_poster/public/p884763596.jpg,https://movie.douban.com/subject/1787291/
103,蝙蝠侠：黑暗骑士崛起,8.9,752509,诺兰就是保证。,克里斯托弗·诺兰 Christopher Nolan,克里斯蒂安·贝尔 Christ...,2012,美国 英国,剧情 动作 科幻 犯罪 惊悚,https://img9.doubanio.com/view/photo/s_ratio_poster/public/p1706428744.jpg,https://movie.douban.com/subject/3395373/
104,甜蜜蜜,8.9,593568,相逢只要一瞬间，等待却像是一辈子。,陈可辛 Peter Chan,黎明 Leon Lai / 张曼玉 Maggie Cheung / ...,1996,中国香港,剧情 爱情,https://img9.doubanio.com/view/photo/s_ratio_poster/public/p2223011274.jpg,https://movie.douban.com/subject/1305164/
105,爱在黎明破晓前,8.8,717779,缘分是个连绵词，最美不过一瞬。,理查德·林克莱特 Richard Linklater,伊桑·霍克 Ethan Hawke ...,1995,美国 奥地利 瑞士,剧情 爱情,https://img9.doubanio.com/view/photo/s_ratio_poster/public/p2555762374.jpg,https://movie.douban.com/subject/1296339/
106,请以你的名字呼唤我,8.8,755140,沉醉在电影的情感和视听氛围中无法自拔。,卢卡·瓜达尼诺 Luca Guadagnino,艾米·汉莫 Armie Hammer / ...,2017,意大利 法国 巴西 美国,剧情 爱情 同性,https://img1.doubanio.com/view/photo/s_ratio_poster/public/p2505525050.jpg,https://movie.douban.com/subject/26799731/
107,断背山,8.8,729714,每个人心中都有一座断背山。,李安 Ang Lee,希斯·莱杰 Heath Ledger / 杰克·吉伦哈尔 Jake...,2005,美国 加拿大,剧情 爱情 同性 家庭,https://img3.doubanio.com/view/photo/s_ratio_poster/public/p2604889017.jpg,https://movie.douban.com/subject/1418834/
108,第六感,8.9,579966,深入内心的恐怖，出人意料的结局。,M·奈特·沙马兰 M. Night Shyamalan,布鲁斯·威利斯 Bruce Wi...,1999,美国,剧情 悬疑 惊悚,https://img9.doubanio.com/view/photo/s_ratio_poster/public/p2220184425.jpg,https://movie.douban.com/subject/1297630/
109,入殓师,8.9,693970,死可能是一道门，逝去并不是终结，而是超越，走向下一程。,泷田洋二郎 Yôjirô Takita,本木雅弘 Masahiro Motoki / ...,2008,日本,剧情,https://img9.doubanio.com/view/photo/s_ratio_poster/public/p2707581855.jpg,https://movie.douban.com/subject/2149806/
110,剪刀手爱德华,8.7,1064899,浪漫忧郁的成人童话。,蒂姆·波顿 Tim Burton,约翰尼·德普 Johnny Depp / 薇诺娜·...,1990,美国,剧情 奇幻 爱情,https://img3.doubanio.com/view/photo/s_ratio_poster/public/p480956937.jpg,https://movie.douban.com/subject/1292370/
111,重庆森林,8.8,846766,寂寞没有期限。,王家卫 Kar Wai Wong,林青霞 Brigitte Lin / 金城武 Takeshi K...,1994,中国香港,剧情 爱情,https://img2.doubanio.com/view/photo/s_ratio_poster/public/p792381411.jpg,https://movie.douban.com/subject/1291999/
112,超能陆战队,8.7,1057976,Balalala~~~,唐·霍尔 Don Hall / 克里斯·威廉姆斯 Chris Williams,斯科特...,2014,美国,喜剧 动作 科幻 动画 冒险,https://img1.doubanio.com/view/photo/s_ratio_poster/public/p2224568669.jpg,https://movie.douban.com/subject/11026735/
113,勇敢的心,8.9,573145,史诗大片的典范。,梅尔·吉布森 Mel Gibson,梅尔·吉布森 Mel Gibson / 苏菲·玛...,1995,美国,动作 传记 剧情 历史 战争,https://img1.doubanio.com/view/photo/s_ratio_poster/public/p2004174709.jpg,https://movie.douban.com/subject/1294639/
114,幽灵公主,8.9,546096,人与自然的战争史诗。,宫崎骏 Hayao Miyazaki,松田洋治 Yôji Matsuda / 石田百合...,1997,日本,动画 奇幻 冒险,https://img9.doubanio.com/view/photo/s_ratio_poster/public/p1613191025.jpg,https://movie.douban.com/subject/1297359/
115,爱在日落黄昏时,8.9,589362,九年后的重逢是世俗和责任的交叠，没了悸动和青涩，沧桑而温暖。,理查德·林克莱特 Richard Linklater,伊桑·霍克 Ethan Hawke ...,2004,美国 法国,剧情 爱情,https://img1.doubanio.com/view/photo/s_ratio_poster/public/p2561542458.jpg,https://movie.douban.com/subject/1291990/
116,寄生虫,8.8,1428635,无,奉俊昊 Joon-ho Bong,宋康昊 Kang-ho Song / 李善均 Seon-gyun...,2019,韩国,剧情,https://img1.doubanio.com/view/photo/s_ratio_poster/public/p2561439800.jpg,https://movie.douban.com/subject/27010768/
117,菊次郎的夏天,8.9,619952,从没见过那么流氓的温柔，从没见过那么温柔的流氓。,北野武 Takeshi Kitano,北野武 Takeshi Kitano / 关口雄介 Yus...,1999,日本,剧情 喜剧,https://img9.doubanio.com/view/photo/s_ratio_poster/public/p2620392435.jpg,https://movie.douban.com/subject/1293359/
118,借东西的小人阿莉埃蒂,8.9,577830,曾经的那段美好会沉淀为一辈子的记忆。,米林宏昌 Hiromasa Yonebayashi,志田未来 Mirai Shida / 神木...,2010,日本,动画 奇幻 冒险,https://img9.doubanio.com/view/photo/s_ratio_poster/public/p617533616.jpg,https://movie.douban.com/subject/4202302/
119,消失的爱人,8.7,995555,年度最佳date movie。,大卫·芬奇 David Fincher,本·阿弗莱克 Ben Affleck / 罗莎蒙...,2014,美国,剧情 犯罪 悬疑 惊悚,https://img9.doubanio.com/view/photo/s_ratio_poster/public/p2221768894.jpg,https://movie.douban.com/subject/21318488/
120,无人知晓,9.1,337304,我的平常生活就是他人的幸福。,是枝裕和 Hirokazu Koreeda,柳乐优弥 Yûya Yagira / 北浦爱...,2004,日本,剧情,https://img3.doubanio.com/view/photo/s_ratio_poster/public/p661160053.jpg,https://movie.douban.com/subject/1292337/
121,阳光灿烂的日子,8.8,637073,一场华丽的意淫。,姜文 Wen Jiang,夏雨 Yu Xia / 宁静 Jing Ning / 陶虹 Hong Tao,1994,中国大陆 中国香港,剧情 爱情,https://img9.doubanio.com/view/photo/s_ratio_poster/public/p2564685215.jpg,https://movie.douban.com/subject/1291875/
122,完美的世界,9.1,329376,坏人的好总是比好人的好来得更感人。,克林特·伊斯特伍德 Clint Eastwood,凯文·科斯特纳 Kevin Cos...,1993,美国,剧情 犯罪,https://img1.doubanio.com/view/photo/s_ratio_poster/public/p2190556408.jpg,https://movie.douban.com/subject/1300992/
123,倩女幽魂,8.8,764734,两张绝世的脸。 ,程小东 Siu-Tung Ching,张国荣 Leslie Cheung / 王祖贤 Joey W...,1987,中国香港,爱情 奇幻 武侠 古装,https://img9.doubanio.com/view/photo/s_ratio_poster/public/p2414157745.jpg,https://movie.douban.com/subject/1297447/
124,时空恋旅人,8.8,710584,把每天当作最后一天般珍惜度过，积极拥抱生活，就是幸福。,理查德·柯蒂斯 Richard Curtis,多姆纳尔·格里森 Domhnall Gl...,2013,英国,喜剧 爱情 奇幻,https://img9.doubanio.com/view/photo/s_ratio_poster/public/p2070153774.jpg,https://movie.douban.com/subject/10577869/
125,天使爱美丽,8.7,975215,法式小清新。 ,让-皮埃尔·热内 Jean-Pierre Jeunet,奥黛丽·塔图 Audrey Tau...,2001,法国 德国,剧情 喜剧 爱情,https://img3.doubanio.com/view/photo/s_ratio_poster/public/p2447590313.jpg,https://movie.douban.com/subject/1292215/
126,小森林 夏秋篇,9.0,440008,那些静得只能听见呼吸的日子里，你明白孤独即生活。,森淳一 Junichi Mori,桥本爱 Ai Hashimoto / 三浦贵大 Takahir...,2014,日本,剧情,https://img3.doubanio.com/view/photo/s_ratio_poster/public/p2564498893.jpg,https://movie.douban.com/subject/25814705/
127,未麻的部屋,9.1,362143,好的剧本是，就算你猜到了结局也猜不到全部。,今敏 Satoshi Kon,岩男润子 Junko Iwao / 松本梨香 Rica Matsu...,1997,日本,动画 奇幻 惊悚,https://img3.doubanio.com/view/photo/s_ratio_poster/public/p1351050722.jpg,https://movie.douban.com/subject/1395091/
128,哈利·波特与火焰杯,8.8,699923,无,迈克·内威尔 Mike Newell,丹尼尔·雷德克里夫 Daniel Radclif...,2005,英国 美国,悬疑 奇幻 冒险,https://img9.doubanio.com/view/photo/s_ratio_poster/public/p735391084.jpg,https://movie.douban.com/subject/1309055/
129,侧耳倾听,8.9,482456,少女情怀总是诗。,近藤喜文 Yoshifumi Kondo,本名阳子 Youko Honna / 小林桂树 K...,1995,日本,剧情 爱情 动画,https://img3.doubanio.com/view/photo/s_ratio_poster/public/p456692072.jpg,https://movie.douban.com/subject/1297052/
130,驯龙高手,8.8,787104,和谐的生活离不开摸头与被摸头。,迪恩·德布洛斯 Dean DeBlois / 克里斯·桑德斯 Chris Sanders,主演:...,2010,美国,动画 奇幻 冒险,https://img9.doubanio.com/view/photo/s_ratio_poster/public/p2210954024.jpg,https://movie.douban.com/subject/2353023/
131,幸福终点站,8.8,594804,有时候幸福需要等一等。 ,史蒂文·斯皮尔伯格 Steven Spielberg,汤姆·汉克斯 Tom Hanks...,2004,美国,喜剧 剧情 爱情,https://img3.doubanio.com/view/photo/s_ratio_poster/public/p854757687.jpg,https://movie.douban.com/subject/1292274/
132,一个叫欧维的男人决定去死,8.9,509594,惠及一生的美丽。,汉内斯·赫尔姆 Hannes Holm,罗夫·拉斯加德 Rolf Lassgård...,2015,瑞典,剧情,https://img3.doubanio.com/view/photo/s_ratio_poster/public/p2406624993.jpg,https://movie.douban.com/subject/26628357/
133,怪兽电力公司,8.8,705225,不要给它起名字，起了名字就有感情了。,彼特·道格特 Pete Docter / 大卫·斯沃曼 David Silverman,约...,2001,美国,儿童 喜剧 动画 奇幻 冒险,https://img1.doubanio.com/view/photo/s_ratio_poster/public/p2513247938.jpg,https://movie.douban.com/subject/1291579/
134,教父3,9.0,392210,任何信念的力量，都无法改变命运。,弗朗西斯·福特·科波拉 Francis Ford Coppola,阿尔·帕西诺 A...,1990,美国,剧情 犯罪,https://img2.doubanio.com/view/photo/s_ratio_poster/public/p2169664351.jpg,https://movie.douban.com/subject/1294240/
135,小森林 冬春篇,9.0,392420,尊敬他人，尊敬你生活的这片土地，明白孤独是人生的常态。,森淳一 Junichi Mori,桥本爱 Ai Hashimoto / 三浦贵大 Takahir...,2015,日本,剧情,https://img3.doubanio.com/view/photo/s_ratio_poster/public/p2618201652.jpg,https://movie.douban.com/subject/25814707/
136,新世界,8.9,467607,要做就做得狠一点，这样才能活下去。,朴勋政 Hoon-jung Park,李政宰 Jung-Jae Lee / 崔岷植 Min-sik...,2013,韩国,剧情 犯罪,https://img1.doubanio.com/view/photo/s_ratio_poster/public/p1903379979.jpg,https://movie.douban.com/subject/10437779/
137,玩具总动员3,8.9,542449,跨度十五年的欢乐与泪水。,李·昂克里奇 Lee Unkrich,汤姆·汉克斯 Tom Hanks / 蒂姆·艾...,2010,美国,喜剧 动画 奇幻 冒险,https://img1.doubanio.com/view/photo/s_ratio_poster/public/p1283675359.jpg,https://movie.douban.com/subject/1858711/
138,傲慢与偏见,8.7,838221,爱是摈弃傲慢与偏见之后的曙光。,乔·怀特 Joe Wright,凯拉·奈特莉 Keira Knightley / 马修·...,2005,法国 英国 美国,剧情 爱情,https://img1.doubanio.com/view/photo/s_ratio_poster/public/p2016401659.jpg,https://movie.douban.com/subject/1418200/
139,茶馆,9.6,164806,无,谢添 Tian Xie,于是之 Shizhi Yu / 郑榕 Rong Zhen / 蓝天野 T...,1982,中国大陆,剧情 历史,https://img9.doubanio.com/view/photo/s_ratio_poster/public/p2528965424.jpg,https://movie.douban.com/subject/1461403/
140,萤火之森,8.9,562606,触不到的恋人。,大森贵弘 Takahiro Omori,佐仓绫音 Ayane Sakura / 内山昂辉 K...,2011,日本,剧情 爱情 动画 奇幻,https://img3.doubanio.com/view/photo/s_ratio_poster/public/p1675053073.jpg,https://movie.douban.com/subject/5989818/
141,被解救的姜戈,8.8,634389,热血沸腾，那个低俗、性感的无耻混蛋又来了。,昆汀·塔伦蒂诺 Quentin Tarantino,杰米·福克斯 Jamie Foxx /...,2012,美国,剧情 动作 西部 冒险,https://img3.doubanio.com/view/photo/s_ratio_poster/public/p1800813767.jpg,https://movie.douban.com/subject/6307447/
142,釜山行,8.6,1247797,揭露人性的丧尸题材力作。,延尚昊 Sang-ho Yeon,孔侑 Yoo Gong / 郑有美 Yu-mi Jung / 马...,2016,韩国,动作 惊悚 灾难,https://img1.doubanio.com/view/photo/s_ratio_poster/public/p2360940399.jpg,https://movie.douban.com/subject/25986180/
143,神偷奶爸,8.7,978331,Mr. I Don't Care其实也有Care的时候。,皮艾尔·柯芬 Pierre Coffin / 克里斯·雷纳德 Chris Renaud,...,2010,美国 法国,喜剧 动画 冒险,https://img1.doubanio.com/view/photo/s_ratio_poster/public/p792776858.jpg,https://movie.douban.com/subject/3287562/
144,色，戒,8.7,859785,假戏真情，爱欲深海,李安 Ang Lee,梁朝伟 Tony Leung Chiu Wai / 汤唯 Wei Tang / ...,2007,中国台湾 中国大陆 美国 中国香港,剧情 爱情 情色,https://img9.doubanio.com/view/photo/s_ratio_poster/public/p453716305.jpg,https://movie.douban.com/subject/1828115/
145,告白,8.8,693261,没有一人完全善，也没有一人完全恶。,中岛哲也 Tetsuya Nakashima,松隆子 Takako Matsu / 冈田将生 ...,2010,日本,剧情 悬疑,https://img9.doubanio.com/view/photo/s_ratio_poster/public/p689520756.jpg,https://movie.douban.com/subject/4268598/
146,哪吒闹海,9.2,271498,想你时你在闹海。,王树忱 Shuchen Wang / 严定宪 Dingxian Yan,梁正晖 Zhenghui ...,1979,中国大陆,冒险 动画 奇幻,https://img9.doubanio.com/view/photo/s_ratio_poster/public/p2532803206.jpg,https://movie.douban.com/subject/1307315/
147,九品芝麻官,8.7,717024,无,王晶 Jing Wong,周星驰 Stephen Chow / 吴孟达 Man Tat Ng / ...,1994,中国香港 中国大陆,剧情 喜剧 古装,https://img1.doubanio.com/view/photo/s_ratio_poster/public/p648370300.jpg,https://movie.douban.com/subject/1297518/
148,玛丽和马克思,9.0,431817,你是我最好的朋友，你是我唯一的朋友 。,亚当·艾略特 Adam Elliot,托妮·科莱特 Toni Collette / 菲利...,2009,澳大利亚 美国,剧情 喜剧 动画,https://img9.doubanio.com/view/photo/s_ratio_poster/public/p488255145.jpg,https://movie.douban.com/subject/3072124/
149,喜宴,9.0,383781,中国家庭的喜怒哀乐忍。,李安 Ang Lee,赵文瑄 Winston Chao / 归亚蕾 Ya-lei Kuei / 郎...,1993,中国台湾 美国,剧情 喜剧 爱情 同性 家庭,https://img3.doubanio.com/view/photo/s_ratio_poster/public/p2249048907.jpg,https://movie.douban.com/subject/1303037/
150,大鱼,8.8,587705,抱着梦想而活着的人是幸福的，怀抱梦想而死去的人是不朽的。,蒂姆·波顿 Tim Burton,伊万·麦克格雷格 Ewan McGregor / 阿...,2003,美国,剧情 家庭 奇幻 冒险,https://img9.doubanio.com/view/photo/s_ratio_poster/public/p692813374.jpg,https://movie.douban.com/subject/1291545/
151,模仿游戏,8.8,672591,他给机器起名“克里斯托弗”，因为这是他初恋的名字。,莫滕·泰杜姆 Morten Tyldum,本尼迪克特·康伯巴奇 Benedict C...,2014,英国 美国,剧情 传记 战争 同性,https://img3.doubanio.com/view/photo/s_ratio_poster/public/p2255040492.jpg,https://movie.douban.com/subject/10463953/
152,头号玩家,8.6,1414809,写给影迷，动漫迷和游戏迷的一封情书。,史蒂文·斯皮尔伯格 Steven Spielberg,泰伊·谢里丹 Tye Sheri...,2018,美国,动作 科幻 冒险,https://img3.doubanio.com/view/photo/s_ratio_poster/public/p2516578307.jpg,https://movie.douban.com/subject/4920389/
153,花样年华,8.8,641661,偷情本没有这样美。,王家卫 Kar Wai Wong,梁朝伟 Tony Leung Chiu Wai / 张曼玉 Ma...,2000,中国香港,剧情 爱情,https://img9.doubanio.com/view/photo/s_ratio_poster/public/p1910828286.jpg,https://movie.douban.com/subject/1291557/
154,头脑特工队,8.8,648470,愿我们都不用长大，每一座城堡都能永远存在。,彼特·道格特 Pete Docter / 罗纳尔多·德尔·卡门 Ronaldo Del Carmen  &nb...,,2015,美国,喜剧 动画 冒险,https://img9.doubanio.com/view/photo/s_ratio_poster/public/p2231021196.jpg,https://movie.douban.com/subject/10533913/
155,射雕英雄传之东成西就,8.7,664429,百看不厌。 ,刘镇伟 Jeffrey Lau,梁朝伟 Tony Leung Chiu Wai / 林青霞 Bri...,1993,中国香港,喜剧 奇幻 武侠 古装,https://img3.doubanio.com/view/photo/s_ratio_poster/public/p2609063922.jpg,https://movie.douban.com/subject/1316510/
156,我是山姆,9.0,350655,爱并不需要智商 。,杰茜·尼尔森 Jessie Nelson,Sean Penn / Dakota Fanning / Mi...,2001,美国,剧情 家庭,https://img9.doubanio.com/view/photo/s_ratio_poster/public/p652417775.jpg,https://movie.douban.com/subject/1306861/
157,七武士,9.3,207556,时代悲歌。,黑泽明 Akira Kurosawa,三船敏郎 Toshirô Mifune / 志村乔 ...,1954,日本,动作 冒险 剧情,https://img9.doubanio.com/view/photo/s_ratio_poster/public/p2215886505.jpg,https://movie.douban.com/subject/1295399/
158,血战钢锯岭,8.7,806969,优秀的战争片不会美化战场，不会粉饰死亡，不会矮化敌人，不会无视常识，最重要的，不会宣扬战争。,梅尔·吉布森 Mel Gibson,安德鲁·加菲尔德 Andrew Garfield /...,2016,澳大利亚 美国,剧情 传记 历史 战争,https://img1.doubanio.com/view/photo/s_ratio_poster/public/p2398141939.jpg,https://movie.douban.com/subject/26325320/
159,阳光姐妹淘,8.8,604890,再多各自牛逼的时光，也比不上一起傻逼的岁月。 ,姜炯哲 Hyeong-Cheol Kang,沈恩京 Eun-kyung Shim / 闵孝琳 Hy...,2011,韩国,剧情 喜剧,https://img3.doubanio.com/view/photo/s_ratio_poster/public/p1374786017.jpg,https://movie.douban.com/subject/4917726/
160,惊魂记,9.0,313871,故事的反转与反转，分裂电影的始祖。,阿尔弗雷德·希区柯克 Alfred Hitchcock,安东尼·博金斯 Antho...,1960,美国,悬疑 惊悚 恐怖,https://img9.doubanio.com/view/photo/s_ratio_poster/public/p1021883305.jpg,https://movie.douban.com/subject/1293181/
161,恐怖直播,8.7,677702,恐怖分子的“秋菊打官司”。,金秉祐 Byeong-woo Kim,河正宇 Jung-woo Ha / 李璟荣 Kyeong-y...,2013,韩国,剧情 犯罪 悬疑,https://img9.doubanio.com/view/photo/s_ratio_poster/public/p2016930906.jpg,https://movie.douban.com/subject/21360417/
162,黑客帝国3：矩阵革命,8.8,462924,不得不说，《黑客帝国》系列是商业片与科幻、哲学完美结合的典范。,拉娜·沃卓斯基 Lana Wachowski / 莉莉·沃卓斯基 Lilly Wachowski,...,2003,美国,动作 科幻,https://img1.doubanio.com/view/photo/s_ratio_poster/public/p443461818.jpg,https://movie.douban.com/subject/1302467/
163,你的名字。,8.5,1461065,穿越错位的时空，仰望陨落的星辰，你没留下你的名字，我却无法忘记那句“我爱你”。,新海诚 Makoto Shinkai,神木隆之介 Ryûnosuke Kamiki / 上...,2016,日本,剧情 爱情 动画,https://img3.doubanio.com/view/photo/s_ratio_poster/public/p2395733377.jpg,https://movie.douban.com/subject/26683290/
164,三块广告牌,8.7,853025,怼天怼地，你走后，她与世界为敌。,马丁·麦克唐纳 Martin McDonagh,弗兰西斯·麦克多蒙德 France...,2017,英国 美国,剧情 犯罪,https://img9.doubanio.com/view/photo/s_ratio_poster/public/p2502943384.jpg,https://movie.douban.com/subject/26611804/
165,电锯惊魂,8.7,559383,真相就在眼前。,詹姆斯·温 James Wan,雷·沃纳尔 Leigh Whannell / 加利·艾...,2004,美国,悬疑 惊悚 恐怖,https://img9.doubanio.com/view/photo/s_ratio_poster/public/p726839485.jpg,https://movie.douban.com/subject/1417598/
166,达拉斯买家俱乐部,8.8,470278,Jared Leto的腿比女人还美！,让-马克·瓦雷 Jean-Marc Vallée,马修·麦康纳 Matthew McCon...,2013,美国,剧情 传记 同性,https://img3.doubanio.com/view/photo/s_ratio_poster/public/p2166160837.jpg,https://movie.douban.com/subject/1793929/
167,心迷宫,8.8,551802,荒诞讽刺，千奇百巧，抽丝剥茧，百转千回。,忻钰坤 Yukun Xin,霍卫民 Weimin Huo / 王笑天 Xiaotian Wang ...,2014,中国大陆,剧情 犯罪 悬疑,https://img9.doubanio.com/view/photo/s_ratio_poster/public/p2276780256.jpg,https://movie.douban.com/subject/25917973/
168,疯狂原始人,8.7,866167,老少皆宜，这就是好莱坞动画的魅力。,科克·德·米科 Kirk De Micco / 克里斯·桑德斯 Chris Sanders,主演...,2013,美国,喜剧 动画 冒险,https://img3.doubanio.com/view/photo/s_ratio_poster/public/p1867084027.jpg,https://movie.douban.com/subject/1907966/
169,谍影重重3,8.8,434411,像吃了苏打饼一样干脆的电影。,保罗·格林格拉斯 Paul Greengrass,马特·达蒙 Matt Damon / ...,2007,美国 德国 法国 英国,动作 悬疑 惊悚,https://img3.doubanio.com/view/photo/s_ratio_poster/public/p792223507.jpg,https://movie.douban.com/subject/1578507/
170,小丑,8.7,1046809,无,托德·菲利普斯 Todd Phillips,杰昆·菲尼克斯 Joaquin Phoeni...,2019,美国 加拿大,剧情 犯罪 惊悚,https://img9.doubanio.com/view/photo/s_ratio_poster/public/p2567198874.jpg,https://movie.douban.com/subject/27119724/
171,英雄本色,8.6,562428,英雄泪短，兄弟情长。 ,吴宇森 John Woo,周润发 Yun-Fat Chow / 狄龙 Lung Ti / 张国...,1986,中国香港,剧情 动作 犯罪,https://img3.doubanio.com/view/photo/s_ratio_poster/public/p2504997087.jpg,https://movie.douban.com/subject/1297574/
172,上帝之城,9.0,310481,被上帝抛弃了的上帝之城。,费尔南多·梅里尔斯 Fernando Meirelles / 卡迪亚·兰德 Kátia Lund  &nbsp...,,2002,巴西 法国,犯罪 剧情,https://img1.doubanio.com/view/photo/s_ratio_poster/public/p455677490.jpg,https://movie.douban.com/subject/1292208/
173,风之谷,8.9,367228,动画片的圣经。,宫崎骏 Hayao Miyazaki,岛本须美 Sumi Shimamoto / 松田洋治 Y...,1984,日本,动画 奇幻 冒险,https://img3.doubanio.com/view/photo/s_ratio_poster/public/p1917567652.jpg,https://movie.douban.com/subject/1291585/
174,绿里奇迹,8.9,349299,天使暂时离开。,弗兰克·德拉邦特 Frank Darabont,汤姆·汉克斯 Tom Hanks / ...,1999,美国,犯罪 剧情 奇幻 悬疑,https://img2.doubanio.com/view/photo/s_ratio_poster/public/p767586451.jpg,https://movie.douban.com/subject/1300374/
175,爱在午夜降临前,8.9,424194,所谓爱情，就是话唠一路，都不会心生腻烦，彼此嫌弃。,理查德·林克莱特 Richard Linklater,伊桑·霍克 Ethan Hawke ...,2013,美国 希腊,剧情 爱情,https://img1.doubanio.com/view/photo/s_ratio_poster/public/p2074715729.jpg,https://movie.douban.com/subject/10808442/
176,海街日记,8.8,470077,是枝裕和的家庭习作。,是枝裕和 Hirokazu Koreeda,绫濑遥 Haruka Ayase / 长泽雅美 M...,2015,日本,剧情 家庭,https://img3.doubanio.com/view/photo/s_ratio_poster/public/p2603364117.jpg,https://movie.douban.com/subject/25895901/
177,纵横四海,8.8,442677,香港浪漫主义警匪动作片的巅峰之作。,吴宇森 John Woo,周润发 Yun-Fat Chow / 张国荣 Leslie Cheung...,1991,中国香港,剧情 喜剧 动作 犯罪,https://img1.doubanio.com/view/photo/s_ratio_poster/public/p2597918718.jpg,https://movie.douban.com/subject/1295409/
178,心灵奇旅,8.7,1031191,无,彼特·道格特 Pete Docter / 凯普·鲍尔斯 Kemp Powers,杰米·...,2020,美国,动画 奇幻 音乐,https://img1.doubanio.com/view/photo/s_ratio_poster/public/p2595591069.jpg,https://movie.douban.com/subject/24733428/
179,卢旺达饭店,8.9,342385,当这个世界闭上双眼，他却敞开了怀抱。,特瑞·乔治 Terry George,唐·钱德尔 Don Cheadle / 苏菲·奥...,2004,英国 南非 意大利 美国,剧情 传记 历史 战争,https://img3.doubanio.com/view/photo/s_ratio_poster/public/p470419493.jpg,https://movie.douban.com/subject/1291822/
180,背靠背，脸对脸,9.5,146714,无,黄建新 Jianxin Huang / 杨亚洲 Yazhou Yang,牛振华 Zhenhua N...,1994,中国大陆 中国香港,剧情,https://img3.doubanio.com/view/photo/s_ratio_poster/public/p2505048077.jpg,https://movie.douban.com/subject/1307856/
181,疯狂的石头,8.6,857820,中国版《两杆大烟枪》。,宁浩 Hao Ning,郭涛 Tao Guo / 刘桦 Hua Liu / 连晋 Teddy Lin,2006,中国大陆 中国香港,喜剧 犯罪,https://img3.doubanio.com/view/photo/s_ratio_poster/public/p712241453.jpg,https://movie.douban.com/subject/1862151/
182,记忆碎片,8.7,625445,一个针管引发的血案。,克里斯托弗·诺兰 Christopher Nolan,盖·皮尔斯 Guy Pearce /...,2000,美国,犯罪 剧情 悬疑 惊悚,https://img3.doubanio.com/view/photo/s_ratio_poster/public/p641688453.jpg,https://movie.douban.com/subject/1304447/
183,2001太空漫游,8.9,350231,现代科幻电影的开山之作，最伟大导演的最伟大影片。,斯坦利·库布里克 Stanley Kubrick,凯尔·杜拉 Keir Dullea / ...,1968,英国 美国,科幻 惊悚 冒险,https://img9.doubanio.com/view/photo/s_ratio_poster/public/p2560717825.jpg,https://movie.douban.com/subject/1292226/
184,雨中曲,9.1,238747,骨灰级歌舞片。,斯坦利·多南 Stanley Donen / 吉恩·凯利 Gene Kelly,吉恩·...,1952,美国,喜剧 歌舞 爱情,https://img9.doubanio.com/view/photo/s_ratio_poster/public/p1612355875.jpg,https://movie.douban.com/subject/1293460/
185,无间道2,8.7,507273,无,刘伟强 / 麦兆辉,陈冠希 Edison Chen / 余文乐 Shawn Yue / 曾...,2003,中国香港,剧情 犯罪 惊悚,https://img1.doubanio.com/view/photo/s_ratio_poster/public/p958008320.jpg,https://movie.douban.com/subject/1307106/
186,岁月神偷,8.7,587114,岁月流逝，来日可追。,罗启锐 Alex Law,吴君如 Sandra Ng / 任达华 Simon Yam / 钟绍...,2010,中国香港 中国大陆,剧情 家庭,https://img2.doubanio.com/view/photo/s_ratio_poster/public/p456666151.jpg,https://movie.douban.com/subject/3792799/
187,小偷家族,8.7,841413,我们组成了家。,是枝裕和 Hirokazu Koreeda,中川雅也 Lily Franky / 安藤樱 Sa...,2018,日本,剧情 犯罪 家庭,https://img9.doubanio.com/view/photo/s_ratio_poster/public/p2530599636.jpg,https://movie.douban.com/subject/27622447/
188,无敌破坏王,8.7,564963,迪士尼和皮克斯拿错剧本的产物。,瑞奇·莫尔 Rich Moore,约翰·C·赖利 John C. Reilly / 萨拉...,2012,美国,喜剧 动画 奇幻 冒险,https://img9.doubanio.com/view/photo/s_ratio_poster/public/p1735642656.jpg,https://movie.douban.com/subject/6534248/
189,忠犬八公物语,9.2,203315,养狗三日，便会对你终其一生。,神山征二郎 Seijirô Kôyama,仲代达矢 Tatsuya Nakadai /...,1987,日本,剧情,https://img9.doubanio.com/view/photo/s_ratio_poster/public/p2603716224.jpg,https://movie.douban.com/subject/1959195/
190,荒蛮故事,8.8,459903,始于荒诞，止于更荒诞。,达米安·斯兹弗隆 Damián Szifron,达里奥·葛兰帝内提 Darío...,2014,阿根廷 西班牙,剧情 喜剧 犯罪,https://img3.doubanio.com/view/photo/s_ratio_poster/public/p2584519452.jpg,https://movie.douban.com/subject/24750126/
191,冰川时代,8.6,639793,松鼠才是角儿。,卡洛斯·沙尔丹哈 Carlos Saldanha / 克里斯·韦奇 Chris Wedge,主演...,2002,美国,喜剧 动画 冒险,https://img1.doubanio.com/view/photo/s_ratio_poster/public/p1910895719.jpg,https://movie.douban.com/subject/1291578/
192,爆裂鼓手,8.7,614053,这个世界从不善待努力的人，努力了也不一定会成功，但是知道自己在努力，就是活下去的动力。,达米恩·查泽雷 Damien Chazelle,迈尔斯·特勒 Miles Teller /...,2014,美国,剧情 音乐,https://img3.doubanio.com/view/photo/s_ratio_poster/public/p2220776342.jpg,https://movie.douban.com/subject/25773932/
193,恐怖游轮,8.5,904617,不要企图在重复中寻找已经失去的爱。,克里斯托弗·史密斯 Christopher Smith,梅利莎·乔治 Melissa ...,2009,英国 澳大利亚,剧情 悬疑 惊悚,https://img9.doubanio.com/view/photo/s_ratio_poster/public/p462470694.jpg,https://movie.douban.com/subject/3011051/
194,牯岭街少年杀人事件,8.9,321009,弱者送给弱者的一刀。,杨德昌 Edward Yang,张震 Chen Chang / 杨静怡 Lisa Yang / 张...,1991,中国台湾,剧情 犯罪,https://img9.doubanio.com/view/photo/s_ratio_poster/public/p848381236.jpg,https://movie.douban.com/subject/1292329/
195,东京教父,9.0,249145,无,今敏 Satoshi Kon,江守彻 Toru Emori / 梅垣义明 Yoshiaki Ume...,2003,日本,剧情 喜剧 动画,https://img1.doubanio.com/view/photo/s_ratio_poster/public/p456703618.jpg,https://movie.douban.com/subject/1310177/
196,魔女宅急便,8.7,480157,宫崎骏的电影总让人感觉世界是美好的，阳光明媚的。,宫崎骏 Hayao Miyazaki,高山南 Minami Takayama / 佐久间玲 Re...,1989,日本,动画 奇幻 冒险,https://img3.doubanio.com/view/photo/s_ratio_poster/public/p456676352.jpg,https://movie.douban.com/subject/1307811/
197,大佛普拉斯,8.7,492599,人们可以登上月球，却永远无法探索人们内心的宇宙。,黄信尧 Hsin-yao Huang,庄益增 Yizeng Zhuang / 陈竹昇 Chu-sh...,2017,中国台湾,剧情 喜剧,https://img3.doubanio.com/view/photo/s_ratio_poster/public/p2505928032.jpg,https://movie.douban.com/subject/27059130/
198,贫民窟的百万富翁,8.6,766452,上帝之城+猜火车+阿甘正传+开心辞典=山寨富翁,丹尼·鲍尔 Danny Boyle / 洛芙琳·坦丹 Loveleen Tandan,戴夫...,2008,英国,剧情 爱情,https://img1.doubanio.com/view/photo/s_ratio_poster/public/p2434249040.jpg,https://movie.douban.com/subject/2209573/
199,遗愿清单,8.7,485996,用剩余不多的时间，去燃烧整个生命。,罗伯·莱纳 Rob Reiner,杰克·尼科尔森 Jack Nicholson / 摩根...,2007,美国,冒险 喜剧 剧情,https://img3.doubanio.com/view/photo/s_ratio_poster/public/p2676812053.jpg,https://movie.douban.com/subject/1867345/
200,东邪西毒,8.6,595419,电影诗。,王家卫 Kar Wai Wong,张国荣 Leslie Cheung / 林青霞 Brigitte...,1994,中国香港 中国台湾,剧情 动作 爱情 武侠 古装,https://img3.doubanio.com/view/photo/s_ratio_poster/public/p1982176012.jpg,https://movie.douban.com/subject/1292328/
201,你看起来好像很好吃,8.9,346067,感情不分食草或者食肉。,藤森雅也 Masaya Fujimori,山口胜平 Kappei Yamaguchi / 爱河...,2010,日本,剧情 动画 儿童,https://img3.doubanio.com/view/photo/s_ratio_poster/public/p709670262.jpg,https://movie.douban.com/subject/4848115/
202,可可西里,8.9,315751,坚硬的信仰。,陆川 Chuan Lu,多布杰 Duobujie / 张磊 Lei Zhang / 亓亮 Qi L...,2004,中国大陆 中国香港,剧情 犯罪,https://img9.doubanio.com/view/photo/s_ratio_poster/public/p2363208684.jpg,https://movie.douban.com/subject/1308857/
203,城市之光,9.3,154922,永远的小人物，伟大的卓别林。,Charles Chaplin,查理·卓别林 Charles Chaplin / 弗吉尼亚·...,1931,美国,喜剧 剧情 爱情,https://img1.doubanio.com/view/photo/s_ratio_poster/public/p2170238828.jpg,https://movie.douban.com/subject/1293908/
204,黑天鹅,8.6,802214,黑暗之美。,达伦·阿罗诺夫斯基 Darren Aronofsky,娜塔莉·波特曼 Natalie...,2010,美国,剧情 惊悚,https://img9.doubanio.com/view/photo/s_ratio_poster/public/p2549648344.jpg,https://movie.douban.com/subject/1978709/
205,源代码,8.5,863341,邓肯·琼斯继《月球》之后再度奉献出一部精彩绝伦的科幻佳作。,邓肯·琼斯 Duncan Jones,杰克·吉伦哈尔 Jake Gyllenhaal / ...,2011,美国 加拿大,科幻 悬疑 惊悚,https://img9.doubanio.com/view/photo/s_ratio_poster/public/p988260245.jpg,https://movie.douban.com/subject/3075287/
206,末路狂花,8.9,281777,没有了退路，只好飞向自由。,雷德利·斯科特 Ridley Scott,吉娜·戴维斯 Geena Davis / 苏...,1991,美国 英国 法国,犯罪 剧情 惊悚,https://img9.doubanio.com/view/photo/s_ratio_poster/public/p1910924635.jpg,https://movie.douban.com/subject/1291992/
207,海边的曼彻斯特,8.6,578485,我们都有权利不与自己的过去和解。,肯尼斯·罗纳根 Kenneth Lonergan,卡西·阿弗莱克 Casey Affle...,2016,美国,剧情 家庭,https://img9.doubanio.com/view/photo/s_ratio_poster/public/p2421855655.jpg,https://movie.douban.com/subject/25980443/
208,真爱至上,8.5,760113,爱，是个动词。,理查德·柯蒂斯 Richard Curtis,休·格兰特 Hugh Grant / 连姆...,2003,英国 美国 法国,喜剧 剧情 爱情,https://img1.doubanio.com/view/photo/s_ratio_poster/public/p475600770.jpg,https://movie.douban.com/subject/1292401/
209,波西米亚狂想曲,8.6,632430,无,布莱恩·辛格 Bryan Singer,拉米·马雷克 Rami Malek / 本·哈...,2018,英国 美国,剧情 传记 同性 音乐,https://img3.doubanio.com/view/photo/s_ratio_poster/public/p2549558913.jpg,https://movie.douban.com/subject/5300054/
210,雨人,8.7,416624,生活在自己的世界里，也可以让周围的人显得可笑和渺小。,巴瑞·莱文森 Barry Levinson,达斯汀·霍夫曼 Dustin Hoffman ...,1988,美国,剧情,https://img3.doubanio.com/view/photo/s_ratio_poster/public/p2353324612.jpg,https://movie.douban.com/subject/1291870/
211,青蛇,8.6,547351,人生如此，浮生如斯。谁人言，花彼岸，此生情长意短。谁都是不懂爱的罢了。,徐克 Hark Tsui,张曼玉 Maggie Cheung / 王祖贤 Joey Wang / ...,1993,中国香港 中国大陆,剧情 爱情 奇幻 古装,https://img3.doubanio.com/view/photo/s_ratio_poster/public/p2570901292.jpg,https://movie.douban.com/subject/1303394/
212,初恋这件小事,8.5,1002721,黑小鸭速效美白记。,普特鹏·普罗萨卡·那·萨克那卡林 Puttipong Promsaka Na Sakolnakorn / 华森·波克彭...,,2010,泰国,剧情 喜剧 爱情,https://img3.doubanio.com/view/photo/s_ratio_poster/public/p1505312273.jpg,https://movie.douban.com/subject/4739952/
213,爱乐之城,8.4,987113,无,达米恩·查泽雷 Damien Chazelle,瑞恩·高斯林 Ryan Gosling /...,2016,美国,剧情 爱情 歌舞,https://img3.doubanio.com/view/photo/s_ratio_poster/public/p2901102612.jpg,https://movie.douban.com/subject/25934014/
214,人工智能,8.7,463679,对爱的执着，可以超越一切。,史蒂文·斯皮尔伯格 Steven Spielberg,海利·乔·奥斯蒙 Haley...,2001,美国 英国,剧情 科幻,https://img3.doubanio.com/view/photo/s_ratio_poster/public/p792257137.jpg,https://movie.douban.com/subject/1302827/
215,疯狂的麦克斯4：狂暴之路,8.7,552491,“多么美好的一天！”轰轰轰砰咚，啪哒哒哒轰隆隆，磅~,乔治·米勒 George Miller,汤姆·哈迪 Tom Hardy / 查理兹·塞...,2015,澳大利亚 美国,动作 科幻 冒险,https://img3.doubanio.com/view/photo/s_ratio_poster/public/p2236181653.jpg,https://movie.douban.com/subject/3592854/
216,终结者2：审判日,8.8,354523,少见的超越首部的续集，动作片中的经典。,詹姆斯·卡梅隆 James Cameron,阿诺·施瓦辛格 Arnold Schwarz...,1991,美国 法国,动作 科幻,https://img9.doubanio.com/view/photo/s_ratio_poster/public/p1910909085.jpg,https://movie.douban.com/subject/1291844/
217,恋恋笔记本,8.5,696987,爱情没有那么多借口，如果不能圆满，只能说明爱的不够。 ,尼克·卡索维茨 Nick Cassavetes,瑞恩·高斯林 Ryan Gosling /...,2004,美国,剧情 爱情,https://img9.doubanio.com/view/photo/s_ratio_poster/public/p483604864.jpg,https://movie.douban.com/subject/1309163/
218,虎口脱险,8.9,269280,永远看不腻的喜剧。,杰拉尔·乌里 Gérard Oury,路易·德·菲耐斯 Louis de Funès...,1966,法国 英国,喜剧 战争,https://img3.doubanio.com/view/photo/s_ratio_poster/public/p2399597512.jpg,https://movie.douban.com/subject/1296909/
219,芙蓉镇,9.3,154337,无,谢晋 Jin Xie,刘晓庆 Xiaoqing Liu / 姜文 Wen Jiang / 郑在石...,1987,中国大陆,剧情 爱情,https://img9.doubanio.com/view/photo/s_ratio_poster/public/p2174804034.jpg,https://movie.douban.com/subject/1297880/
220,新龙门客栈,8.7,463410,嬉笑怒骂，调风动月。,李惠民 Raymond Lee,张曼玉 Maggie Cheung / 林青霞 Brigitte ...,1992,中国香港 中国大陆,动作 爱情 武侠 古装,https://img1.doubanio.com/view/photo/s_ratio_poster/public/p1421018669.jpg,https://movie.douban.com/subject/1292287/
221,罗生门,8.8,328297,人生的N种可能性。,黑泽明 Akira Kurosawa,三船敏郎 Toshirô Mifune / 京町子 ...,1950,日本,剧情 犯罪 悬疑,https://img2.doubanio.com/view/photo/s_ratio_poster/public/p1598883511.jpg,https://movie.douban.com/subject/1291879/
222,无耻混蛋,8.7,501020,昆汀同学越来越变态了，比北野武还杜琪峰。,昆汀·塔伦蒂诺 Quentin Tarantino,布拉德·皮特 Brad Pitt / ...,2009,德国 美国,剧情 犯罪,https://img3.doubanio.com/view/photo/s_ratio_poster/public/p1086394013.jpg,https://movie.douban.com/subject/1438652/
223,崖上的波妞,8.6,523109,无,宫崎骏 Hayao Miyazaki,奈良柚莉爱 Yuria Nara / 土井洋辉 Hir...,2008,日本,动画 奇幻 冒险,https://img1.doubanio.com/view/photo/s_ratio_poster/public/p2627847859.jpg,https://movie.douban.com/subject/1959877/
224,花束般的恋爱,8.6,684458,无,土井裕泰 Nobuhiro Doi,菅田将晖 Masaki Suda / 有村架纯 Kasu...,2021,日本,剧情 爱情,https://img3.doubanio.com/view/photo/s_ratio_poster/public/p2868462052.jpg,https://movie.douban.com/subject/34874432/
225,千钧一发,8.8,315673,一部能引人思考的科幻励志片。,安德鲁·尼科尔 Andrew Niccol,伊桑·霍克 Ethan Hawke / 乌玛...,1997,美国,剧情 科幻 惊悚,https://img9.doubanio.com/view/photo/s_ratio_poster/public/p2195672555.jpg,https://movie.douban.com/subject/1300117/
226,彗星来的那一夜,8.6,612728,小成本大魅力。,詹姆斯·沃德·布柯特 James Ward Byrkit,艾米丽·芭尔多尼 Em...,2013,美国 英国,科幻 悬疑 惊悚,https://img9.doubanio.com/view/photo/s_ratio_poster/public/p2187896734.jpg,https://movie.douban.com/subject/25807345/
227,哈利·波特与死亡圣器(上),8.5,610188,最忠于原著的一部。,大卫·叶茨 David Yates,丹尼尔·雷德克里夫 Daniel Radcliffe...,2010,英国 美国,奇幻 冒险,https://img9.doubanio.com/view/photo/s_ratio_poster/public/p721429854.jpg,https://movie.douban.com/subject/2051007/
228,萤火虫之墓,8.7,415304,幸福是生生不息，却难以触及的远。 ,高畑勋 Isao Takahata,辰己努 / 白石绫乃 / 志乃原良子,1988,日本,动画 剧情 战争,https://img1.doubanio.com/view/photo/s_ratio_poster/public/p2237136718.jpg,https://movie.douban.com/subject/1293318/
229,奇迹男孩,8.6,567517,世界不完美，爱会有奇迹。,斯蒂芬·卓博斯基 Stephen Chbosky,雅各布·特伦布莱 Jacob Tr...,2017,美国 中国香港,剧情 儿童 家庭,https://img1.doubanio.com/view/photo/s_ratio_poster/public/p2507709428.jpg,https://movie.douban.com/subject/26787574/
230,黑客帝国2：重装上阵,8.7,421403,一个精彩的世界观正在缓缓建立。,拉娜·沃卓斯基 Lana Wachowski / 莉莉·沃卓斯基 Lilly Wachowski,...,2003,美国,动作 科幻,https://img1.doubanio.com/view/photo/s_ratio_poster/public/p443461390.jpg,https://movie.douban.com/subject/1304141/
231,高山下的花环,9.5,105958,无,谢晋 Jin Xie,吕晓禾 Xiaohe Lü / 唐国强 Guoqiang Tang / 何...,1984,中国大陆,剧情 战争,https://img1.doubanio.com/view/photo/s_ratio_poster/public/p2319879389.jpg,https://movie.douban.com/subject/1422283/
232,白日梦想家,8.6,534562,无,本·斯蒂勒 Ben Stiller,本·斯蒂勒 Ben Stiller / 克里斯汀·...,2013,美国 英国,剧情 喜剧 冒险,https://img2.doubanio.com/view/photo/s_ratio_poster/public/p2160195181.jpg,https://movie.douban.com/subject/2133323/
233,二十二,8.7,299368,有一些东西不应该被遗忘。,郭柯 Ke Guo,主演:,2015,中国大陆,纪录片,https://img3.doubanio.com/view/photo/s_ratio_poster/public/p2457609817.jpg,https://movie.douban.com/subject/26430107/
234,火星救援,8.5,764632,无,雷德利·斯科特 Ridley Scott,马特·达蒙 Matt Damon / 杰西卡...,2015,英国 美国 匈牙利 约旦,剧情 科幻 冒险,https://img3.doubanio.com/view/photo/s_ratio_poster/public/p2264592493.jpg,https://movie.douban.com/subject/25864085/
235,战争之王,8.7,383350,做一颗让别人需要你的棋子。,安德鲁·尼科尔 Andrew Niccol,尼古拉斯·凯奇 Nicolas Cage /...,2005,美国 德国,剧情 犯罪,https://img2.doubanio.com/view/photo/s_ratio_poster/public/p792282381.jpg,https://movie.douban.com/subject/1419936/
236,血钻,8.7,394169,每个美丽事物背后都是滴血的现实。,爱德华·兹威克 Edward Zwick,莱昂纳多·迪卡普里奥 Leonardo ...,2006,美国 德国 英国,剧情 惊悚 冒险,https://img3.doubanio.com/view/photo/s_ratio_poster/public/p1244017073.jpg,https://movie.douban.com/subject/1428175/
237,步履不停,8.8,292148,日本的家庭电影已经是世界巅峰了，步履不停是巅峰中的佳作。,是枝裕和 Hirokazu Koreeda,阿部宽 Hiroshi Abe / 夏川结衣 Yu...,2008,日本,剧情 家庭,https://img1.doubanio.com/view/photo/s_ratio_poster/public/p2375245718.jpg,https://movie.douban.com/subject/2222996/
238,千年女优,8.8,284285,爱情是一场没有尽头的虚幻追逐。,今敏 Satoshi Kon,庄司美代子 Miyoko Shôji / 小山茉美 Mam...,2001,日本,动画 剧情 爱情,https://img9.doubanio.com/view/photo/s_ratio_poster/public/p2215102596.jpg,https://movie.douban.com/subject/1307394/
239,房间,8.8,378499,被偷走的岁月，被伤害的生命，被禁锢的灵魂，终将被希望和善意救赎。,伦尼·阿伯拉罕森 Lenny Abrahamson,布丽·拉尔森 Brie Larson...,2015,爱尔兰 加拿大 英国 美国,剧情 家庭,https://img9.doubanio.com/view/photo/s_ratio_poster/public/p2259715855.jpg,https://movie.douban.com/subject/25724855/
240,哈利·波特与凤凰社,8.5,605481,无,大卫·叶茨 David Yates,丹尼尔·雷德克里夫 Daniel Radcliffe...,2007,英国 美国,奇幻 冒险,https://img1.doubanio.com/view/photo/s_ratio_poster/public/p443403700.jpg,https://movie.douban.com/subject/1457217/
241,魂断蓝桥,8.8,289056,中国式内在的美国电影。,茂文·勒鲁瓦 Mervyn LeRoy,费雯·丽 Vivien Leigh / 罗伯特·...,1940,美国,剧情 爱情 战争,https://img1.doubanio.com/view/photo/s_ratio_poster/public/p2351134499.jpg,https://movie.douban.com/subject/1293964/
242,谍影重重2,8.7,366949,谁说王家卫镜头很晃？,保罗·格林格拉斯 Paul Greengrass,马特·达蒙 Matt Damon / ...,2004,美国 德国,动作 悬疑 惊悚,https://img9.doubanio.com/view/photo/s_ratio_poster/public/p667644866.jpg,https://movie.douban.com/subject/1308767/
243,大红灯笼高高挂,8.8,302068,无,张艺谋 Yimou Zhang,巩俐 Li Gong / 马精武 Jingwu Ma / 何赛...,1991,中国大陆 中国香港 中国台湾,剧情,https://img3.doubanio.com/view/photo/s_ratio_poster/public/p1254404823.jpg,https://movie.douban.com/subject/1293323/
244,蜘蛛侠：平行宇宙,8.6,698210,无,鲍勃·佩尔西凯蒂 Bob Persichetti / 彼得·拉姆齐 Peter Ramsey,主...,2018,美国,动作 科幻 动画 冒险,https://img1.doubanio.com/view/photo/s_ratio_poster/public/p2535851348.jpg,https://movie.douban.com/subject/26374197/
245,弱点,8.7,325736,拍掉身上的悲伤，从今天开始重新踏上追梦之旅。,约翰·李·汉考克 John Lee Hancock,桑德拉·布洛克 Sandra Bu...,2009,美国,剧情 家庭 传记 运动,https://img3.doubanio.com/view/photo/s_ratio_poster/public/p2577248102.jpg,https://movie.douban.com/subject/3552028/
246,谍影重重,8.6,445763,哗啦啦啦啦，天在下雨，哗啦啦啦啦，云在哭泣……找自己。,道格·里曼 Doug Liman,马特·达蒙 Matt Damon / 弗兰卡·波坦...,2002,美国 德国 捷克,动作 悬疑 惊悚,https://img2.doubanio.com/view/photo/s_ratio_poster/public/p1597183981.jpg,https://movie.douban.com/subject/1304102/
247,阿飞正传,8.5,531395,王家卫是一种风格，张国荣是一个代表。,王家卫 Kar Wai Wong,张国荣 Leslie Cheung / 张曼玉 Maggie C...,1990,中国香港,犯罪 剧情 爱情,https://img3.doubanio.com/view/photo/s_ratio_poster/public/p2525770523.jpg,https://movie.douban.com/subject/1305690/
248,朗读者,8.6,465152,当爱情跨越年龄的界限，它似乎能变得更久远一点，成为一种责任，一种水到渠成的相濡以沫。 ,史蒂芬·戴德利 Stephen Daldry,凯特·温丝莱特 Kate Winslet ...,2008,美国 德国,剧情 爱情,https://img1.doubanio.com/view/photo/s_ratio_poster/public/p1140984198.jpg,https://movie.douban.com/subject/2213597/
249,再次出发之纽约遇见你,8.6,441685,爱我就给我看你的播放列表。,约翰·卡尼 John Carney,凯拉·奈特莉 Keira Knightley / 马克...,2013,美国,喜剧 爱情 音乐,https://img3.doubanio.com/view/photo/s_ratio_poster/public/p2250287733.jpg,https://movie.douban.com/subject/6874403/
250,燃情岁月,8.7,297208,传奇，不是每个人都可以拥有。,爱德华·兹威克 Edward Zwick,布拉德·皮特 Brad Pitt / 安东...,1994,美国,剧情 爱情 战争 西部,https://img9.doubanio.com/view/photo/s_ratio_poster/public/p2797313535.jpg,https://movie.douban.com/subject/1295865/
